Array Size,CPU Time (ms),Atomic Time (ms),Reduction Time (ms)
256,0.0006,0.15562,0.021168
512,0.000988,0.008213,0.010191
1024,0.001906,0.007199,0.012219
2048,0.003761,0.007978,0.012857
4096,0.007428,0.007257,0.024691
8192,0.015033,0.008315,0.047625
16384,0.029859,0.012181,0.094995
32768,0.059718,0.023288,0.18944
65536,0.119931,0.03741,0.374902
131072,0.239729,0.056479,0.754103
262144,0.479281,0.10961,1.51069
524288,1.0638,0.137448,3.10235
1048576,2.02578,0.177503,7.65918
