Array size, GPU execution time (µs), Data Prep time (µs), Total Execution time (µs)
10, 0, 4, 4
100, 0, 10, 10
1000, 0, 72, 72
10000, 0, 811.5, 811.5
100000, 0.5, 7422.5, 7423
1000000, 2, 77221, 77223
10000000, 2, 763455, 763457
100000000, 2, 7.60608e+06, 7.60608e+06