Array size, GPU execution time (µs), Data Prep time (µs), Data malloc time (µs), Total Execution time (µs)
10, 0, 2.5, 0.5, 3
100, 0, 7.5, 0, 7.5
1000, 0, 71, 0, 71
10000, 0, 754.5, 0, 754.5
100000, 1, 7185.5, 2, 7188.5
1000000, 2, 78362, 3, 78367
10000000, 2, 764052, 3, 764057
100000000, 2, 7.57278e+06, 3.5, 7.57278e+06