Array size, GPU execution time (µs), Data Prep time (µs), Total Execution time (µs)
10, 0.25, 2.5, 2.75
100, 0, 8, 8
1000, 0, 71.75, 71.75
10000, 0, 722.5, 722.5
100000, 0, 7163.75, 7163.75
1000000, 2, 76286.8, 76288.8
10000000, 2, 762355, 762357
100000000, 2, 7.66617e+06, 7.66617e+06